Rome,Leather Money Clip,Rome,Leather Money Clip,COLOR: Black Leather,ITEM #: 30163001,UPC #: 674204035412,"Providing simple organization for everyday use, this leather money clip holds currency along with a few cards and receipts100% genuine Napa leather provides a sophisticated look and feelConvenient front-pocket sizeLeather money clip securely stores bills and receiptsThree credit card slots make it easy to locate important cards",110663.jpg
Antwerp,Leather Card Case,Antwerp,Leather Card Case,COLOR: Black Leather,ITEM #: 30163101,UPC #: 674204035429,The slim design of this card case allows it to easily fit in your front pocket100% genuine Napa leather provides a sophisticated look and feelConvenient front-pocket sizeSix credit card slots make it easy to locate important cardsTwo storage pockets for receipts and miscellaneous items,111092.jpg
Oslo,Leather Passport Cover,Oslo,Leather Passport Cover,COLOR: Black Leather,ITEM #: 30163301,UPC #: 674204035443,Stay organized during international travel and keep your identification protected in this leather passport cover100% genuine Napa leather provides a sophisticated look and feelInterior pocket stores passportTwo slash pockets for business cards or receiptsFour credit card slots make it easy to locate important cards,110851.jpg
Athens ,Leather Tri-Fold Wallet,Athens ,Leather Tri-Fold Wallet,COLOR: Black Leather,ITEM #: 30163501,UPC #: 674204035467,"With additional organization for currency, ID, receipts and multiple cards, the Athens is the ideal companion for someone who likes having everything in its place100% genuine Napa leather provides a sophisticated look and feelLeather trimmed bill divider separates currencySix credit card slots make it easy to locate important cardsFour storage pockets for receipts and miscellaneous itemsWindow with micro-mesh screen for quickly showing ID",111118.jpg
Rome,Leather Money Clip,Rome,Leather Money Clip,COLOR: Black Leather,ITEM #: 30163001,UPC #: 674204035412,"Providing simple organization for everyday use, this leather money clip holds currency along with a few cards and receipts100% genuine Napa leather provides a sophisticated look and feelConvenient front-pocket sizeLeather money clip securely stores bills and receiptsThree credit card slots make it easy to locate important cards",110663.jpg
Antwerp,Leather Card Case,Antwerp,Leather Card Case,COLOR: Black Leather,ITEM #: 30163101,UPC #: 674204035429,The slim design of this card case allows it to easily fit in your front pocket100% genuine Napa leather provides a sophisticated look and feelConvenient front-pocket sizeSix credit card slots make it easy to locate important cardsTwo storage pockets for receipts and miscellaneous items,111092.jpg
Rome,Leather Money Clip,Rome,Leather Money Clip,COLOR: Black Leather,ITEM #: 30163001,UPC #: 674204035412,"Providing simple organization for everyday use, this leather money clip holds currency along with a few cards and receipts100% genuine Napa leather provides a sophisticated look and feelConvenient front-pocket sizeLeather money clip securely stores bills and receiptsThree credit card slots make it easy to locate important cards",110663.jpg
Antwerp,Leather Card Case,Antwerp,Leather Card Case,COLOR: Black Leather,ITEM #: 30163101,UPC #: 674204035429,The slim design of this card case allows it to easily fit in your front pocket100% genuine Napa leather provides a sophisticated look and feelConvenient front-pocket sizeSix credit card slots make it easy to locate important cardsTwo storage pockets for receipts and miscellaneous items,111092.jpg
Oslo,Leather Passport Cover,Oslo,Leather Passport Cover,COLOR: Black Leather,ITEM #: 30163301,UPC #: 674204035443,Stay organized during international travel and keep your identification protected in this leather passport cover100% genuine Napa leather provides a sophisticated look and feelInterior pocket stores passportTwo slash pockets for business cards or receiptsFour credit card slots make it easy to locate important cards,110851.jpg
Athens ,Leather Tri-Fold Wallet,Athens ,Leather Tri-Fold Wallet,COLOR: Black Leather,ITEM #: 30163501,UPC #: 674204035467,"With additional organization for currency, ID, receipts and multiple cards, the Athens is the ideal companion for someone who likes having everything in its place100% genuine Napa leather provides a sophisticated look and feelLeather trimmed bill divider separates currencySix credit card slots make it easy to locate important cardsFour storage pockets for receipts and miscellaneous itemsWindow with micro-mesh screen for quickly showing ID",111118.jpg
Rome,Leather Money Clip,Rome,Leather Money Clip,COLOR: Black Leather,ITEM #: 30163001,UPC #: 674204035412,"Providing simple organization for everyday use, this leather money clip holds currency along with a few cards and receipts100% genuine Napa leather provides a sophisticated look and feelConvenient front-pocket sizeLeather money clip securely stores bills and receiptsThree credit card slots make it easy to locate important cards",110663.jpg
Antwerp,Leather Card Case,Antwerp,Leather Card Case,COLOR: Black Leather,ITEM #: 30163101,UPC #: 674204035429,The slim design of this card case allows it to easily fit in your front pocket100% genuine Napa leather provides a sophisticated look and feelConvenient front-pocket sizeSix credit card slots make it easy to locate important cardsTwo storage pockets for receipts and miscellaneous items,111092.jpg
Oslo,Leather Passport Cover,Oslo,Leather Passport Cover,COLOR: Black Leather,ITEM #: 30163301,UPC #: 674204035443,Stay organized during international travel and keep your identification protected in this leather passport cover100% genuine Napa leather provides a sophisticated look and feelInterior pocket stores passportTwo slash pockets for business cards or receiptsFour credit card slots make it easy to locate important cards,110851.jpg
Athens ,Leather Tri-Fold Wallet,Athens ,Leather Tri-Fold Wallet,COLOR: Black Leather,ITEM #: 30163501,UPC #: 674204035467,"With additional organization for currency, ID, receipts and multiple cards, the Athens is the ideal companion for someone who likes having everything in its place100% genuine Napa leather provides a sophisticated look and feelLeather trimmed bill divider separates currencySix credit card slots make it easy to locate important cardsFour storage pockets for receipts and miscellaneous itemsWindow with micro-mesh screen for quickly showing ID",111118.jpg
Moritz,Leather Slim Bi-Fold Wallet,Moritz,Leather Slim Bi-Fold Wallet,COLOR: Black Leather,ITEM #: 30163901,UPC #: 674204035504,Cut down on bulky accessories with the Moritz that contains a slim design with superior organization for carrying all of your cards and currency100% genuine Napa leather provides a sophisticated look and feelBill compartment for paper currencySix credit card slots make it easy to locate important cardsFour storage pockets for receipts and miscellaneous items,111093.jpg
Grenoble ,Leather Vertical Bi-Fold Wallet with European ID Window,Grenoble ,Leather Vertical Bi-Fold Wallet with European ID Window,COLOR: Black Leather,ITEM #: 30164101,UPC #: 674204035528,"For all of your cards and currency, this bi-fold wallet has superior organization and storage for European IDs100% genuine Napa leather provides a sophisticated look and feelLeather trimmed bill divider separates currencySix credit card slots make it easy to locate important cardsFour storage pockets for receipts and miscellaneous itemsWindow with micro-mesh screen is sized to fit European and smaller IDs",111021.jpg
Innsbruck,Leather Bi-Fold Wallet with European ID Window and Coin Pocket,Innsbruck,Leather Bi-Fold Wallet with European ID Window and Coin Pocket,COLOR: Black Leather,ITEM #: 30164301,UPC #: 674204035542,The intuitive organization of the Innsbruck includes a flip out ID holder for quickly showing identification and built-in coin pocket for change and other loose items100% genuine Napa leather provides a sophisticated look and feelLeather trimmed bill divider separates currencyInterior pocket with key slot and snap-closure for coins or other loose itemsSix credit card slots make it easy to locate important cardsFour storage pockets for receipts and miscellaneous itemsWindow with micro-mesh screen for quickly showing ID,111151.jpg
Cortina,Leather Travel Organizer,Cortina,Leather Travel Organizer,COLOR: Black Leather,ITEM #: 30164701,UPC #: 674204035658,"With dedicated compartments for airline tickets and a passport, the straightforward organization of the Cortina sorts all of your essentials while traveling100% genuine Napa leather provides a sophisticated look and feelInterior pockets for a passport and airline ticketsZippered interior pocket for bills, coins or other loose itemsNine credit card slots make it easy to locate important cardsExterior slash pocket for quickly storing receipts and other itemsWindow with micro-mesh screen for quickly showing IDLeather pen loop",111024.jpg
Moritz,Leather Slim Bi-Fold Wallet,Moritz,Leather Slim Bi-Fold Wallet,COLOR: Black Leather,ITEM #: 30163901,UPC #: 674204035504,Cut down on bulky accessories with the Moritz that contains a slim design with superior organization for carrying all of your cards and currency100% genuine Napa leather provides a sophisticated look and feelBill compartment for paper currencySix credit card slots make it easy to locate important cardsFour storage pockets for receipts and miscellaneous items,111093.jpg
Grenoble ,Leather Vertical Bi-Fold Wallet with European ID Window,Grenoble ,Leather Vertical Bi-Fold Wallet with European ID Window,COLOR: Black Leather,ITEM #: 30164101,UPC #: 674204035528,"For all of your cards and currency, this bi-fold wallet has superior organization and storage for European IDs100% genuine Napa leather provides a sophisticated look and feelLeather trimmed bill divider separates currencySix credit card slots make it easy to locate important cardsFour storage pockets for receipts and miscellaneous itemsWindow with micro-mesh screen is sized to fit European and smaller IDs",111021.jpg
Innsbruck,Leather Bi-Fold Wallet with European ID Window and Coin Pocket,Innsbruck,Leather Bi-Fold Wallet with European ID Window and Coin Pocket,COLOR: Black Leather,ITEM #: 30164301,UPC #: 674204035542,The intuitive organization of the Innsbruck includes a flip out ID holder for quickly showing identification and built-in coin pocket for change and other loose items100% genuine Napa leather provides a sophisticated look and feelLeather trimmed bill divider separates currencyInterior pocket with key slot and snap-closure for coins or other loose itemsSix credit card slots make it easy to locate important cardsFour storage pockets for receipts and miscellaneous itemsWindow with micro-mesh screen for quickly showing ID,111151.jpg
Cortina,Leather Travel Organizer,Cortina,Leather Travel Organizer,COLOR: Black Leather,ITEM #: 30164701,UPC #: 674204035658,"With dedicated compartments for airline tickets and a passport, the straightforward organization of the Cortina sorts all of your essentials while traveling100% genuine Napa leather provides a sophisticated look and feelInterior pockets for a passport and airline ticketsZippered interior pocket for bills, coins or other loose itemsNine credit card slots make it easy to locate important cardsExterior slash pocket for quickly storing receipts and other itemsWindow with micro-mesh screen for quickly showing IDLeather pen loop",111024.jpg
Amsterdam,Leather Bi-Fold Wallet with Passcase,Amsterdam,Leather Bi-Fold Wallet with Passcase,COLOR: Black Leather,ITEM #: 30164501,UPC #: 674204035566,"The Albertville provides the full organization of the bi-fold wallet and the concise storage of a removable passcase to fit your needsLeather trimmed bill divider separates currencyPasscase features an ID window with micro-mesh screen, a credit card slot and two storage pockets ideal for times when only a few cards are neededTen credit card slots make it easy to locate important cardsThree storage pockets for receipts and miscellaneous items100% genuine Napa leather",111016.jpg
Rome,Leather Money Clip,Rome,Leather Money Clip,COLOR: Black Leather,ITEM #: 30163001,UPC #: 674204035412,"Providing simple organization for everyday use, this leather money clip holds currency along with a few cards and receipts100% genuine Napa leather provides a sophisticated look and feelConvenient front-pocket sizeLeather money clip securely stores bills and receiptsThree credit card slots make it easy to locate important cards",110663.jpg
Antwerp,Leather Card Case,Antwerp,Leather Card Case,COLOR: Black Leather,ITEM #: 30163101,UPC #: 674204035429,The slim design of this card case allows it to easily fit in your front pocket100% genuine Napa leather provides a sophisticated look and feelConvenient front-pocket sizeSix credit card slots make it easy to locate important cardsTwo storage pockets for receipts and miscellaneous items,111092.jpg
Oslo,Leather Passport Cover,Oslo,Leather Passport Cover,COLOR: Black Leather,ITEM #: 30163301,UPC #: 674204035443,Stay organized during international travel and keep your identification protected in this leather passport cover100% genuine Napa leather provides a sophisticated look and feelInterior pocket stores passportTwo slash pockets for business cards or receiptsFour credit card slots make it easy to locate important cards,110851.jpg
Athens ,Leather Tri-Fold Wallet,Athens ,Leather Tri-Fold Wallet,COLOR: Black Leather,ITEM #: 30163501,UPC #: 674204035467,"With additional organization for currency, ID, receipts and multiple cards, the Athens is the ideal companion for someone who likes having everything in its place100% genuine Napa leather provides a sophisticated look and feelLeather trimmed bill divider separates currencySix credit card slots make it easy to locate important cardsFour storage pockets for receipts and miscellaneous itemsWindow with micro-mesh screen for quickly showing ID",111118.jpg
Name1,Name2,Dimension1,Dimension2,Spec1,Spec2,Spec3,Product Details,Image
Rome,Leather Money Clip,Rome,Leather Money Clip,COLOR: Black Leather,ITEM #: 30163001,UPC #: 674204035412,"Providing simple organization for everyday use, this leather money clip holds currency along with a few cards and receipts100% genuine Napa leather provides a sophisticated look and feelConvenient front-pocket sizeLeather money clip securely stores bills and receiptsThree credit card slots make it easy to locate important cards",110663.jpg
Antwerp,Leather Card Case,Antwerp,Leather Card Case,COLOR: Black Leather,ITEM #: 30163101,UPC #: 674204035429,The slim design of this card case allows it to easily fit in your front pocket100% genuine Napa leather provides a sophisticated look and feelConvenient front-pocket sizeSix credit card slots make it easy to locate important cardsTwo storage pockets for receipts and miscellaneous items,111092.jpg
Oslo,Leather Passport Cover,Oslo,Leather Passport Cover,COLOR: Black Leather,ITEM #: 30163301,UPC #: 674204035443,Stay organized during international travel and keep your identification protected in this leather passport cover100% genuine Napa leather provides a sophisticated look and feelInterior pocket stores passportTwo slash pockets for business cards or receiptsFour credit card slots make it easy to locate important cards,110851.jpg
Athens ,Leather Tri-Fold Wallet,Athens ,Leather Tri-Fold Wallet,COLOR: Black Leather,ITEM #: 30163501,UPC #: 674204035467,"With additional organization for currency, ID, receipts and multiple cards, the Athens is the ideal companion for someone who likes having everything in its place100% genuine Napa leather provides a sophisticated look and feelLeather trimmed bill divider separates currencySix credit card slots make it easy to locate important cardsFour storage pockets for receipts and miscellaneous itemsWindow with micro-mesh screen for quickly showing ID",111118.jpg
Rome,Leather Money Clip,Rome,Leather Money Clip,COLOR: Black Leather,ITEM #: 30163001,UPC #: 674204035412,"Providing simple organization for everyday use, this leather money clip holds currency along with a few cards and receipts100% genuine Napa leather provides a sophisticated look and feelConvenient front-pocket sizeLeather money clip securely stores bills and receiptsThree credit card slots make it easy to locate important cards",110663.jpg
Name1,Name2,Dimension1,Dimension2,Spec1,Spec2,Spec3,Product Details,Image
Rome,Leather Money Clip,Rome,Leather Money Clip,COLOR: Black Leather,ITEM #: 30163001,UPC #: 674204035412,"Providing simple organization for everyday use, this leather money clip holds currency along with a few cards and receipts100% genuine Napa leather provides a sophisticated look and feelConvenient front-pocket sizeLeather money clip securely stores bills and receiptsThree credit card slots make it easy to locate important cards",110663.jpg
Antwerp,Leather Card Case,Antwerp,Leather Card Case,COLOR: Black Leather,ITEM #: 30163101,UPC #: 674204035429,The slim design of this card case allows it to easily fit in your front pocket100% genuine Napa leather provides a sophisticated look and feelConvenient front-pocket sizeSix credit card slots make it easy to locate important cardsTwo storage pockets for receipts and miscellaneous items,111092.jpg
Oslo,Leather Passport Cover,Oslo,Leather Passport Cover,COLOR: Black Leather,ITEM #: 30163301,UPC #: 674204035443,Stay organized during international travel and keep your identification protected in this leather passport cover100% genuine Napa leather provides a sophisticated look and feelInterior pocket stores passportTwo slash pockets for business cards or receiptsFour credit card slots make it easy to locate important cards,110851.jpg
Name1,Name2,Dimension1,Dimension2,Spec1,Spec2,Spec3,Product Details,Image
Rome,Leather Money Clip,Rome,Leather Money Clip,COLOR: Black Leather,ITEM #: 30163001,UPC #: 674204035412,"Providing simple organization for everyday use, this leather money clip holds currency along with a few cards and receipts100% genuine Napa leather provides a sophisticated look and feelConvenient front-pocket sizeLeather money clip securely stores bills and receiptsThree credit card slots make it easy to locate important cards",110663.jpg
Antwerp,Leather Card Case,Antwerp,Leather Card Case,COLOR: Black Leather,ITEM #: 30163101,UPC #: 674204035429,The slim design of this card case allows it to easily fit in your front pocket100% genuine Napa leather provides a sophisticated look and feelConvenient front-pocket sizeSix credit card slots make it easy to locate important cardsTwo storage pockets for receipts and miscellaneous items,111092.jpg
Name1,Name2,Dimension1,Dimension2,Spec1,Spec2,Spec3,Product Details,Image
Rome,Leather Money Clip,Rome,Leather Money Clip,COLOR: Black Leather,ITEM #: 30163001,UPC #: 674204035412,"Providing simple organization for everyday use, this leather money clip holds currency along with a few cards and receipts100% genuine Napa leather provides a sophisticated look and feelConvenient front-pocket sizeLeather money clip securely stores bills and receiptsThree credit card slots make it easy to locate important cards",110630.jpg
Antwerp,Leather Card Case,Antwerp,Leather Card Case,COLOR: Black Leather,ITEM #: 30163101,UPC #: 674204035429,The slim design of this card case allows it to easily fit in your front pocket100% genuine Napa leather provides a sophisticated look and feelConvenient front-pocket sizeSix credit card slots make it easy to locate important cardsTwo storage pockets for receipts and miscellaneous items,110628.jpg
Oslo,Leather Passport Cover,Oslo,Leather Passport Cover,COLOR: Black Leather,ITEM #: 30163301,UPC #: 674204035443,Stay organized during international travel and keep your identification protected in this leather passport cover100% genuine Napa leather provides a sophisticated look and feelInterior pocket stores passportTwo slash pockets for business cards or receiptsFour credit card slots make it easy to locate important cards,110622.jpg
Athens ,Leather Tri-Fold Wallet,Athens ,Leather Tri-Fold Wallet,COLOR: Black Leather,ITEM #: 30163501,UPC #: 674204035467,"With additional organization for currency, ID, receipts and multiple cards, the Athens is the ideal companion for someone who likes having everything in its place100% genuine Napa leather provides a sophisticated look and feelLeather trimmed bill divider separates currencySix credit card slots make it easy to locate important cardsFour storage pockets for receipts and miscellaneous itemsWindow with micro-mesh screen for quickly showing ID",110618.jpg
Rome,Leather Money Clip,Rome,Leather Money Clip,COLOR: Black Leather,ITEM #: 30163001,UPC #: 674204035412,"Providing simple organization for everyday use, this leather money clip holds currency along with a few cards and receipts100% genuine Napa leather provides a sophisticated look and feelConvenient front-pocket sizeLeather money clip securely stores bills and receiptsThree credit card slots make it easy to locate important cards",110630.jpg
Antwerp,Leather Card Case,Antwerp,Leather Card Case,COLOR: Black Leather,ITEM #: 30163101,UPC #: 674204035429,The slim design of this card case allows it to easily fit in your front pocket100% genuine Napa leather provides a sophisticated look and feelConvenient front-pocket sizeSix credit card slots make it easy to locate important cardsTwo storage pockets for receipts and miscellaneous items,110628.jpg
Oslo,Leather Passport Cover,Oslo,Leather Passport Cover,COLOR: Black Leather,ITEM #: 30163301,UPC #: 674204035443,Stay organized during international travel and keep your identification protected in this leather passport cover100% genuine Napa leather provides a sophisticated look and feelInterior pocket stores passportTwo slash pockets for business cards or receiptsFour credit card slots make it easy to locate important cards,110622.jpg
Athens ,Leather Tri-Fold Wallet,Athens ,Leather Tri-Fold Wallet,COLOR: Black Leather,ITEM #: 30163501,UPC #: 674204035467,"With additional organization for currency, ID, receipts and multiple cards, the Athens is the ideal companion for someone who likes having everything in its place100% genuine Napa leather provides a sophisticated look and feelLeather trimmed bill divider separates currencySix credit card slots make it easy to locate important cardsFour storage pockets for receipts and miscellaneous itemsWindow with micro-mesh screen for quickly showing ID",110618.jpg
Moritz,Leather Slim Bi-Fold Wallet,Moritz,Leather Slim Bi-Fold Wallet,COLOR: Black Leather,ITEM #: 30163901,UPC #: 674204035504,Cut down on bulky accessories with the Moritz that contains a slim design with superior organization for carrying all of your cards and currency100% genuine Napa leather provides a sophisticated look and feelBill compartment for paper currencySix credit card slots make it easy to locate important cardsFour storage pockets for receipts and miscellaneous items,110598.jpg
Name1,Name2,Dimension1,Dimension2,Spec1,Spec2,Spec3,Product Details,Image
Rome,Leather Money Clip,Rome,Leather Money Clip,COLOR: Black Leather,ITEM #: 30163001,UPC #: 674204035412,"Providing simple organization for everyday use, this leather money clip holds currency along with a few cards and receipts100% genuine Napa leather provides a sophisticated look and feelConvenient front-pocket sizeLeather money clip securely stores bills and receiptsThree credit card slots make it easy to locate important cards",110630.jpg
Antwerp,Leather Card Case,Antwerp,Leather Card Case,COLOR: Black Leather,ITEM #: 30163101,UPC #: 674204035429,The slim design of this card case allows it to easily fit in your front pocket100% genuine Napa leather provides a sophisticated look and feelConvenient front-pocket sizeSix credit card slots make it easy to locate important cardsTwo storage pockets for receipts and miscellaneous items,110628.jpg
Name1,Name2,Dimension1,Dimension2,Spec1,Spec2,Spec3,Product Details,Image
